title,phone,website,email,emailStatus,deliverabilityScore,agencyFitScore,address
Prisma Austin,+1 512-442-1415,https://poweredbyprisma.com,,,,20,"4001 Caven Rd, Austin, TX 78744"
Bennett Creative Video Production,,https://bennettcreative.co,,,,20,"Austin, TX"
Blackhawk Digital Marketing,,https://www.blackhawkdm.com,hello@blackhawkdm.com,valid,85,10,"410 Baylor St unit b, Austin, TX 78703"
Austin SEO - Neon Ambition,,https://neonambition.com,,,,20,"701 Brazos St, Austin, TX 78701"
Fahrenheit Marketing,,https://fahrenheitmarketing.com,,,,20,"2500 W William Cannon Dr #205, Austin, TX 78745"
Idea Peddler,,https://ideapeddler.com,hello@ideapeddler.com,valid,85,10,"Austin, TX"
"JS Interactive, LLC",,https://jsinteractive.com,,,,20,"Austin, TX"
Workhorse,,https://workhorsestudio.com,,,,20,"2400 E Cesar Chavez St Suite 316B, Austin, TX 78702"
Stackmatix,,https://stackmatix.com,,,,35,"411 W Monroe St, Austin, TX 78704"
UGC Factory,,https://ugcfactory.co,ugcfactory.co@gmail.com,valid,85,10,"111 Congress Ave. STE 500, Austin, TX 78701"
Direction,,https://direction.com,,,,20,"4005 Guadalupe St Suite B, Austin, TX 78751"
HMG Creative,,https://hmgcreative.com,hello@hmgcreative.com,valid,85,10,"2400 E Cesar Chavez St Suite 316B, Austin, TX 78702"
(un)Common Logic,,https://uncommonlogic.com,hello@uncommonlogic.com,invalid,15,25,"5926 Balcones Dr UNIT 130, Austin, TX 78731"
RG Agency,,https://rgagency.com,,,,20,"823 N Congress Ave, Austin, TX 78701"
ADMEN,,https://admen.com,support@admen.com,valid,85,10,"401 N Congress Ave #1540, Austin, TX 78701"
Insight Goat,,https://insightgoat.com,,,,20,"5900 Balcones Dr #15756, Austin, TX 78731"
Austin Digital Marketing Agency | Motiliti,,https://motiliti.com,,,,20,"5540 N Lamar Blvd, Austin, TX 78756"
11thAgency,,https://11thagency.com,hire@11thagency.com,valid,65,10,"7801 N Lamar Blvd suite A 137, Austin, TX 78757"
Allegiant Digital Marketing,,https://allegiantdigital.com,,,,20,"106 E 6th St #900-O30, Austin, TX 78701"
Iconier Digital Marketing Agency,,https://iconier.com,contact@iconier.com,valid,85,10,"500 W 2nd St Suite 1900, Austin, TX 78701"
GLIDE®,,https://glide.agency,,,,20,"111 Congress Ave. STE 500, Austin, TX 78701"
Motoza,,https://motoza.com,,,,20,"500 W 2nd St Suite 1900, Austin, TX 78701"
Digitech SEO Austin & Web Design,,https://digitechseoaustin.com,,,,20,"7703 N Lamar Blvd #510, Austin, TX 78752"
GSD&M,,https://gsdm.com,,,,20,"828 W 6th St, Austin, TX 78703"
Ollie Marketing,,https://olliemarketing.com,jamie@olliemarketing.com,valid,85,10,"Mueller Blvd, Austin, TX"